<?xml version="1.0" encoding="UTF-8"?>
<project-private xmlns="http://www.netbeans.org/ns/project-private/1">
    <editor-bookmarks xmlns="http://www.netbeans.org/ns/editor-bookmarks/2" lastBookmarkId="0"/>
    <open-files xmlns="http://www.netbeans.org/ns/projectui-open-files/2">
        <group>
            <file>file:/D:/Helmi/P09-Internationalization/src/localization/Bundle.properties</file>
            <file>file:/D:/Helmi/P09-Internationalization/src/ui/LoginPage.java</file>
            <file>file:/D:/Helmi/P09-Internationalization/src/localization/Bundle_in_ID.properties</file>
            <file>file:/D:/Helmi/P09-Internationalization/src/object/FontSetting.java</file>
            <file>file:/D:/Helmi/P09-Internationalization/src/localization/Bundle_ja_JP.properties</file>
            <file>file:/D:/Helmi/P09-Internationalization/src/localization/Bundle_ko_KR.properties</file>
        </group>
    </open-files>
</project-private>
